Iteration,Learning Rate,Total Error,Number Correct,Percent Correct
1,0.4,2613.8618341211186,2,3.8461538461538463%
2,0.38461538461538464,2613.85563379830552,3.8461538461538463%
3,0.38461538461538464,2613.8485944250037,2,3.8461538461538463%
4,0.38461538461538464,2613.8402761206694,2,3.8461538461538463%
5,0.38461538461538464,2613.8301561301105,2,3.8461538461538463%
6,0.38461538461538464,2613.817329387964,2,3.8461538461538463%
7,0.38461538461538464,2613.800052958203,2,3.8461538461538463%
8,0.38461538461538464,2613.7744092191183,2,3.8461538461538463%
9,0.38461538461538464,2613.729079723683,2,3.8461538461538463%
10,0.38461538461538464,2613.6089080133756,2,3.8461538461538463%
11,0.38461538461538464,2600.4906520113277,2,3.8461538461538463%
12,0.38461538461538464,2564.8532038652033,2,3.8461538461538463%
13,0.38461538461538464,2564.776719252001,2,3.8461538461538463%
14,0.38461538461538464,2564.7479931630123,2,3.8461538461538463%
15,0.38461538461538464,2564.721619267412,2,3.8461538461538463%
16,0.38461538461538464,2564.6907273639645,2,3.8461538461538463%
17,0.38461538461538464,2571.68742980208,1,1.9230769230769231%
18,0.39230769230769236,2570.7933502906226,1,1.9230769230769231%
19,0.39230769230769236,2569.7846805796125,2,3.8461538461538463%
20,0.38461538461538464,2553.0524862031048,2,3.8461538461538463%
21,0.38461538461538464,2522.0015998440304,1,1.9230769230769231%
22,0.39230769230769236,2494.693424810109,1,1.9230769230769231%
23,0.39230769230769236,2434.0973396893414,1,1.9230769230769231%
24,0.39230769230769236,2402.4613656143156,1,1.9230769230769231%
25,0.39230769230769236,2374.178905408148,1,1.9230769230769231%
26,0.39230769230769236,2330.8562715301596,1,1.9230769230769231%
27,0.39230769230769236,2270.791332416826,1,1.9230769230769231%
28,0.39230769230769236,1994.3302965206249,1,1.9230769230769231%
29,0.39230769230769236,308.37719646606774,1,1.9230769230769231%
30,0.39230769230769236,107.25538811837947,1,1.9230769230769231%
31,0.39230769230769236,97.03958461174055,0,0.0%
32,0.4,92.41107654801937,0,0.0%
33,0.4,89.6097877417072,0,0.0%
34,0.4,87.8118128008567,0,0.0%
35,0.4,86.47348279302358,0,0.0%
36,0.4,85.03456744592015,0,0.0%
37,0.4,83.7169160037265,0,0.0%
38,0.4,82.59929015039236,0,0.0%
39,0.4,81.7773138467131,0,0.0%
40,0.4,81.01373367347432,0,0.0%
41,0.4,80.28772654687998,0,0.0%
42,0.4,79.75002217057549,0,0.0%
43,0.4,79.52189315974684,0,0.0%
44,0.4,79.40537805072982,0,0.0%
45,0.4,79.3102542851517,0,0.0%
46,0.4,79.21517509481158,0,0.0%
47,0.4,79.09710877530483,0,0.0%
48,0.4,78.9071243468528,0,0.0%
49,0.4,78.57143657220534,0,0.0%
50,0.4,78.27799311670557,0,0.0%
51,0.4,78.19672549059415,0,0.0%
52,0.4,78.15493543777505,0,0.0%
53,0.4,78.12269198901191,0,0.0%
54,0.4,78.09433499676864,0,0.0%
55,0.4,78.06761583397335,0,0.0%
56,0.4,78.04106666893541,0,0.0%
57,0.4,78.01326462477304,0,0.0%
58,0.4,77.9823610729338,0,0.0%
59,0.4,77.9454032077634,0,0.0%
60,0.4,77.89685425920942,0,0.0%
61,0.4,77.82470620943032,0,0.0%
62,0.4,77.69939218066509,0,0.0%
63,0.4,77.45134301611861,0,0.0%
64,0.4,77.06907016641225,0,0.0%
65,0.4,76.8521437160986,0,0.0%
66,0.4,76.69314172362803,0,0.0%
67,0.4,76.41501748139841,0,0.0%
68,0.4,75.9503426800247,0,0.0%
69,0.4,75.52791791030897,0,0.0%
70,0.4,75.16759597632543,0,0.0%
71,0.4,75.0477507895963,0,0.0%
72,0.4,75.0042796550287,0,0.0%
73,0.4,74.97089340226609,0,0.0%
74,0.4,74.93573784077994,0,0.0%
75,0.4,74.89037425506314,0,0.0%
76,0.4,74.82042083709031,0,0.0%
77,0.4,74.69150300861337,0,0.0%
78,0.4,74.42901140046136,0,0.0%
79,0.4,74.07779201579366,0,0.0%
80,0.4,73.93275704614321,0,0.0%
81,0.4,73.84002017120397,0,0.0%
82,0.4,73.68933237843571,0,0.0%
83,0.4,73.39652936394995,0,0.0%
84,0.4,73.09361163318874,0,0.0%
85,0.4,73.01239828434326,0,0.0%
86,0.4,72.97898999390587,0,0.0%
87,0.4,72.95135513358254,0,0.0%
88,0.4,72.9206139701536,0,0.0%
89,0.4,72.87941134054365,0,0.0%
90,0.4,72.8143004446414,0,0.0%
91,0.4,72.69245976960009,0,0.0%
92,0.4,72.44124632184473,0,0.0%
93,0.4,72.09874083800239,0,0.0%
94,0.4,71.96934744459683,0,0.0%
95,0.4,71.92038325190245,0,0.0%
96,0.4,71.87435811673816,0,0.0%
97,0.4,71.81451821793813,0,0.0%
98,0.4,71.72112535210697,0,0.0%
99,0.4,71.55037204414904,0,0.0%
100,0.4,71.20393556581023,0,0.0%
101,0.4,70.65957828616968,0,0.0%
102,0.4,70.16215303873989,0,0.0%
103,0.4,69.82369418844503,0,0.0%
104,0.4,69.5187638347964,0,0.0%
105,0.4,69.18345402112897,0,0.0%
106,0.4,69.08010712330453,0,0.0%
107,0.4,69.04572819983191,0,0.0%
108,0.4,69.02172733795089,0,0.0%
109,0.4,68.99825411650478,0,0.0%
110,0.4,68.96955230803108,0,0.0%
111,0.4,68.92737075613235,0,0.0%
112,0.4,68.85352054260215,0,0.0%
113,0.4,68.70188398638162,0,0.0%
114,0.4,68.40013649912542,0,0.0%
115,0.4,68.13428545105269,0,0.0%
116,0.4,68.07775567764074,0,0.0%
117,0.4,68.0588805073916,0,0.0%
118,0.4,68.04794347980373,0,0.0%
119,0.4,68.03980725976737,0,0.0%
120,0.4,68.03279797706675,0,0.0%
121,0.4,68.02612724989136,0,0.0%
122,0.4,68.01928114180554,0,0.0%
123,0.4,68.01179695801405,0,0.0%
124,0.4,68.00312623291299,0,0.0%
125,0.4,67.99247909100266,0,0.0%
126,0.4,67.97855433517678,0,0.0%
127,0.4,67.9589618309688,0,0.0%
128,0.4,67.92881144814952,0,0.0%
129,0.4,67.87685597408418,0,0.0%
130,0.4,67.77432020933102,0,0.0%
131,0.4,67.55331404427584,0,0.0%
132,0.4,67.21794106194214,0,0.0%
133,0.4,67.0811183443106,0,0.0%
134,0.4,67.05224071379449,0,0.0%
135,0.4,67.03798576518396,0,0.0%
136,0.4,67.02746432366624,0,0.0%
137,0.4,67.01765127001715,0,0.0%
138,0.4,67.00693190305576,0,0.0%
139,0.4,66.99373726266828,0,0.0%
140,0.4,66.97572799695618,0,0.0%
141,0.4,66.94846459663299,0,0.0%
142,0.4,66.9020716068708,0,0.0%
143,0.4,66.81167266117275,0,0.0%
144,0.4,66.6157966240546,0,0.0%
145,0.4,66.28291503258812,0,0.0%
146,0.4,66.11143001053932,0,0.0%
147,0.4,66.08041246684266,0,0.0%
148,0.4,66.06857274686124,0,0.0%
149,0.4,66.06212618195723,0,0.0%
150,0.4,66.05795362492641,0,0.0%
151,0.4,66.05495932037776,0,0.0%
152,0.4,66.05265836258995,0,0.0%
153,0.4,66.05080262676776,0,0.0%
154,0.4,66.04925166349928,0,0.0%
155,0.4,66.04791980410603,0,0.0%
156,0.4,66.0467516851904,0,0.0%
157,0.4,66.04570983780764,0,0.0%
158,0.4,66.04476792667016,0,0.0%
159,0.4,66.04390684798075,0,0.0%
160,0.4,66.04311236709778,0,0.0%
161,0.4,66.04237362984595,0,0.0%
162,0.4,66.04168219170502,0,0.0%
163,0.4,66.04103136569935,0,0.0%
164,0.4,66.0404157729068,0,0.0%
165,0.4,66.03983102548713,0,0.0%
166,0.4,66.03927349859956,0,0.0%
167,0.4,66.03874016327839,0,0.0%
168,0.4,66.03822846196682,0,0.0%
169,0.4,66.03773621444242,0,0.0%
170,0.4,66.03726154575038,0,0.0%
171,0.4,66.03680283031609,0,0.0%
172,0.4,66.03635864810963,0,0.0%
173,0.4,66.03592774990597,0,0.0%
174,0.4,66.03550902948544,0,0.0%
175,0.4,66.03510150118537,0,0.0%
176,0.4,66.03470428162147,0,0.0%
177,0.4,66.03431657468761,0,0.0%
178,0.4,66.03393765915023,0,0.0%
179,0.4,66.0335668783214,0,0.0%
180,0.4,66.03320363139686,0,0.0%
181,0.4,66.0328473661521,0,0.0%
182,0.4,66.03249757273804,0,0.0%
183,0.4,66.03215377838131,0,0.0%
184,0.4,66.03181554283488,0,0.0%
185,0.4,66.03148245443968,0,0.0%
186,0.4,66.03115412670525,0,0.0%
187,0.4,66.03083019532058,0,0.0%
188,0.4,66.03051031552074,0,0.0%
189,0.4,66.03019415976141,0,0.0%
190,0.4,66.02988141564408,0,0.0%
191,0.4,66.02957178405946,0,0.0%
192,0.4,66.02926497751048,0,0.0%
193,0.4,66.02896071858805,0,0.0%
194,0.4,66.02865873857654,0,0.0%
195,0.4,66.02835877616528,0,0.0%
196,0.4,66.02806057624876,0,0.0%
197,0.4,66.02776388879965,0,0.0%
198,0.4,66.02746846780236,0,0.0%
199,0.4,66.02717407022844,0,0.0%
200,0.4,66.02688045504885,0,0.0%
201,0.4,66.02658738226488,0,0.0%
202,0.4,66.026294611957,0,0.0%
203,0.4,66.02600190332838,0,0.0%
204,0.4,66.02570901374841,0,0.0%
205,0.4,66.02541569777102,0,0.0%
206,0.4,66.02512170613083,0,0.0%
207,0.4,66.0248267846969,0,0.0%
208,0.4,66.02453067338011,0,0.0%
209,0.4,66.02423310497518,0,0.0%
210,0.4,66.02393380393254,0,0.0%
211,0.4,66.02363248503723,0,0.0%
212,0.4,66.02332885198454,0,0.0%
213,0.4,66.02302259583256,0,0.0%
214,0.4,66.02271339331091,0,0.0%
215,0.4,66.02240090496318,0,0.0%
216,0.4,66.02208477309456,0,0.0%
217,0.4,66.02176461949591,0,0.0%
218,0.4,66.02144004290872,0,0.0%
219,0.4,66.02111061618218,0,0.0%
220,0.4,66.02077588308717,0,0.0%
221,0.4,66.02043535471091,0,0.0%
222,0.4,66.0200885053805,0,0.0%
223,0.4,66.01973476802237,0,0.0%
224,0.4,66.01937352886723,0,0.0%
225,0.4,66.01900412137684,0,0.0%
226,0.4,66.01862581926054,0,0.0%
227,0.4,66.0182378284025,0,0.0%
228,0.4,66.01783927750022,0,0.0%
229,0.4,66.01742920715584,0,0.0%
230,0.4,66.01700655711343,0,0.0%
231,0.4,66.01657015125565,0,0.0%
232,0.4,66.01611867988547,0,0.0%
233,0.4,66.0156506786954,0,0.0%
234,0.4,66.01516450367504,0,0.0%
235,0.4,66.01465830101287,0,0.0%
236,0.4,66.01412997077574,0,0.0%
237,0.4,66.01357712281664,0,0.0%
238,0.4,66.01299702290385,0,0.0%
239,0.4,66.01238652643697,0,0.0%
240,0.4,66.01174199629503,0,0.0%
241,0.4,66.01105920021723,0,0.0%
242,0.4,66.01033318152743,0,0.0%
243,0.4,66.00955809479896,0,0.0%
244,0.4,66.00872699491244,0,0.0%
245,0.4,66.00783156340381,0,0.0%
246,0.4,66.0068617493908,0,0.0%
247,0.4,66.00580529250067,0,0.0%
248,0.4,66.00464708034411,0,0.0%
249,0.4,66.00336827014056,0,0.0%
250,0.4,66.0019450680087,0,0.0%
251,0.4,66.00034700133291,0,0.0%
252,0.4,65.9985344236267,0,0.0%
253,0.4,65.99645482825716,0,0.0%
254,0.4,65.99403726144928,0,0.0%
255,0.4,65.99118360556696,0,0.0%
256,0.4,65.98775452166247,0,0.0%
257,0.4,65.98354589760615,0,0.0%
258,0.4,65.97824760068562,0,0.0%
259,0.4,65.97136738356701,0,0.0%
260,0.4,65.96208159511941,0,0.0%
261,0.4,65.94892001918936,0,0.0%
262,0.4,65.92903998986544,0,0.0%
263,0.4,65.8963778213879,0,0.0%
264,0.4,65.83644793247439,0,0.0%
265,0.4,65.7115968824069,0,0.0%
266,0.4,65.44644073106444,0,0.0%
267,0.4,65.14137417918282,0,0.0%
268,0.4,65.0620369183922,0,0.0%
269,0.4,65.04292735987775,0,0.0%
270,0.4,65.03431299265453,0,0.0%
271,0.4,65.02929493552045,0,0.0%
272,0.4,65.02592506259352,0,0.0%
273,0.4,65.0234410097452,0,0.0%
274,0.4,65.02148302385643,0,0.0%
275,0.4,65.01985895460983,0,0.0%
276,0.4,65.01845655817277,0,0.0%
277,0.4,65.01720557648484,0,0.0%
278,0.4,65.01605947909538,0,0.0%
279,0.4,65.01498591483474,0,0.0%
280,0.4,65.0139613763875,0,0.0%
281,0.4,65.01296804952362,0,0.0%
282,0.4,65.01199186042116,0,0.0%
283,0.4,65.01102121018617,0,0.0%
284,0.4,65.01004611737878,0,0.0%
285,0.4,65.0090576083732,0,0.0%
286,0.4,65.00804725919618,0,0.0%
287,0.4,65.00700682776397,0,0.0%
288,0.4,65.00592793519354,0,0.0%
289,0.4,65.00480176563177,0,0.0%
290,0.4,65.00361875920814,0,0.0%
291,0.4,65.0023682738274,0,0.0%
292,0.4,65.00103818921524,0,0.0%
293,0.4,64.9996144206037,0,0.0%
294,0.4,64.99808029875541,0,0.0%
295,0.4,64.99641575556147,0,0.0%
296,0.4,64.99459622651598,0,0.0%
297,0.4,64.99259113650058,0,0.0%
298,0.4,64.99036176192921,0,0.0%
299,0.4,64.98785813952327,0,0.0%
300,0.4,64.9850144804933,0,0.0%
301,0.4,64.98174217263048,0,0.0%
302,0.4,64.97791875771775,0,0.0%
303,0.4,64.97336993222606,0,0.0%
304,0.4,64.96783891020418,0,0.0%
305,0.4,64.9609316963034,0,0.0%
306,0.4,64.95201362342782,0,0.0%
307,0.4,64.94000016073011,0,0.0%
308,0.4,64.92289874521157,0,0.0%
309,0.4,64.89670627827172,0,0.0%
310,0.4,64.85246512516638,0,0.0%
311,0.4,64.76774439967257,0,0.0%
312,0.4,64.58586658335729,0,0.0%
313,0.4,64.25702526569327,0,0.0%
314,0.4,64.05459364950217,0,0.0%
315,0.4,64.01500048640224,0,0.0%
316,0.4,63.997260162747175,0,0.0%
317,0.4,63.98394383768331,0,0.0%
318,0.4,63.97071441861908,0,0.0%
319,0.4,63.95499619212834,0,0.0%
320,0.4,63.93365593391093,0,0.0%
321,0.4,63.9009461371373,0,0.0%
322,0.4,63.84382380780849,0,0.0%
323,0.4,63.72884649581538,0,0.0%
324,0.4,63.48287262932139,0,0.0%
325,0.4,63.15849413681663,0,0.0%
326,0.4,63.05493007948071,0,0.0%
327,0.4,63.030716030635844,0,0.0%
328,0.4,63.01854387934701,0,0.0%
329,0.4,63.009931168214706,0,0.0%
330,0.4,63.00248184710826,0,0.0%
331,0.4,62.995107024730146,0,0.0%
332,0.4,62.987048418364715,0,0.0%
333,0.4,62.97751764249718,0,0.0%
334,0.4,62.96541517261565,0,0.0%
335,0.4,62.948894740488534,0,0.0%
336,0.4,62.9244137467543,0,0.0%
337,0.4,62.88428891630689,0,0.0%
338,0.4,62.80970960987074,0,0.0%
339,0.4,62.652172475821246,0,0.0%
340,0.4,62.34274042188427,0,0.0%
341,0.4,62.09172251667146,0,0.0%
342,0.4,62.03974536409777,0,0.0%
343,0.4,62.0196045869683,0,0.0%
344,0.4,62.0051385081418,0,0.0%
345,0.4,61.99074999687895,0,0.0%
346,0.4,61.97317079280421,0,0.0%
347,0.4,61.94819154821871,0,0.0%
348,0.4,61.90755170516563,0,0.0%
349,0.4,61.83137382546006,0,0.0%
350,0.4,61.66883249090958,0,0.0%
351,0.4,61.35505075287995,0,0.0%
352,0.4,61.12060167677382,0,0.0%
353,0.4,61.076734747533344,0,0.0%
354,0.4,61.062521763923634,0,0.0%
355,0.4,61.05535011952952,0,0.0%
356,0.4,61.05094222060247,0,0.0%
357,0.4,61.04791041445486,0,0.0%
358,0.4,61.04566763108982,0,0.0%
359,0.4,61.04392201609152,0,0.0%
360,0.4,61.04251164188288,0,0.0%
361,0.4,61.04133918090511,0,0.0%
362,0.4,61.04034244566408,0,0.0%
363,0.4,61.03947973489909,0,0.0%
364,0.4,61.03872196807534,0,0.0%
365,0.4,61.038048198010046,0,0.0%
366,0.4,61.03744291930439,0,0.0%
367,0.4,61.03689438483176,0,0.0%
368,0.4,61.03639351457325,0,0.0%
369,0.4,61.03593316637407,0,0.0%
370,0.4,61.035507635405295,0,0.0%
371,0.4,61.035112302470154,0,0.0%
372,0.4,61.034743381718464,0,0.0%
373,0.4,61.03439773629599,0,0.0%
374,0.4,61.03407274138901,0,0.0%
375,0.4,61.03376618094286,0,0.0%
376,0.4,61.03347616871994,0,0.0%
377,0.4,61.03320108720689,0,0.0%
378,0.4,61.03293953980226,0,0.0%
379,0.4,61.03269031301109,0,0.0%
380,0.4,61.032452346260555,0,0.0%
381,0.4,61.03222470759278,0,0.0%
382,0.4,61.03200657392846,0,0.0%
383,0.4,61.03179721491934,0,0.0%
384,0.4,61.03159597964379,0,0.0%
385,0.4,61.03140228557516,0,0.0%
386,0.4,61.03121560937283,0,0.0%
387,0.4,61.03103547915646,0,0.0%
388,0.4,61.030861467984984,0,0.0%
389,0.4,61.030693188325415,0,0.0%
390,0.4,61.03053028733901,0,0.0%
391,0.4,61.03037244284719,0,0.0%
392,0.4,61.030219359858776,0,0.0%
393,0.4,61.03007076757666,0,0.0%
394,0.4,61.02992641679896,0,0.0%
395,0.4,61.029786077662024,0,0.0%
396,0.4,61.02964953766659,0,0.0%
397,0.4,61.029516599951705,0,0.0%
398,0.4,61.029387081776186,0,0.0%
399,0.4,61.02926081318138,0,0.0%
400,0.4,61.02913763580727,0,0.0%
401,0.4,61.029017401845586,0,0.0%
402,0.4,61.02889997310591,0,0.0%
403,0.4,61.02878522018726,0,0.0%
404,0.4,61.02867302173356,0,0.0%
405,0.4,61.02856326377134,0,0.0%
406,0.4,61.0284558391107,0,0.0%
407,0.4,61.028350646810985,0,0.0%
408,0.4,61.02824759169502,0,0.0%
409,0.4,61.02814658391227,0,0.0%
410,0.4,61.02804753854234,0,0.0%
411,0.4,61.02795037523665,0,0.0%
412,0.4,61.02785501789114,0,0.0%
413,0.4,61.02776139435018,0,0.0%
414,0.4,61.0276694361333,0,0.0%
415,0.4,61.02757907818815,0,0.0%
416,0.4,61.02749025866424,0,0.0%
417,0.4,61.02740291870386,0,0.0%
418,0.4,61.027317002251486,0,0.0%
419,0.4,61.027232455877794,0,0.0%
420,0.4,61.0271492286171,0,0.0%
421,0.4,61.02706727181864,0,0.0%
422,0.4,61.026986539007694,0,0.0%
423,0.4,61.026906985758544,0,0.0%
424,0.4,61.02682856957518,0,0.0%
425,0.4,61.02675124978193,0,0.0%
426,0.4,61.02667498742052,0,0.0%
427,0.4,61.026599745156176,0,0.0%
428,0.4,61.02652548718833,0,0.0%
429,0.4,61.026452179167855,0,0.0%
430,0.4,61.02637978812049,0,0.0%
431,0.4,61.0263082823744,0,0.0%
432,0.4,61.026237631492876,0,0.0%
433,0.4,61.026167806211035,0,0.0%
434,0.4,61.0260987783764,0,0.0%
435,0.4,61.02603052089333,0,0.0%
436,0.4,61.02596300767057,0,0.0%
437,0.4,61.025896213572345,0,0.0%
438,0.4,61.02583011437183,0,0.0%
439,0.4,61.025764686706445,0,0.0%
440,0.4,61.02569990803817,0,0.0%
441,0.4,61.02563575661423,0,0.0%
442,0.4,61.025572211428965,0,0.0%
443,0.4,61.02550925219026,0,0.0%
444,0.4,61.02544685928698,0,0.0%
445,0.4,61.02538501375562,0,0.0%
446,0.4,61.025323697253036,0,0.0%
447,0.4,61.025262892026966,0,0.0%
448,0.4,61.02520258088961,0,0.0%
449,0.4,61.025142747191936,0,0.0%
450,0.4,61.02508337480021,0,0.0%
451,0.4,61.025024448072585,0,0.0%
452,0.4,61.02496595183692,0,0.0%
453,0.4,61.02490787137052,0,0.0%
454,0.4,61.024850192379716,0,0.0%
455,0.4,61.024792900980906,0,0.0%
456,0.4,61.024735983682625,1,1.9230769230769231%
457,0.39230769230769236,61.02423386019435,1,1.9230769230769231%
458,0.39230769230769236,61.02417895635479,1,1.9230769230769231%
459,0.39230769230769236,61.024124346970275,1,1.9230769230769231%
460,0.39230769230769236,61.02407002480735,1,1.9230769230769231%
461,0.39230769230769236,61.02401598232698,1,1.9230769230769231%
462,0.39230769230769236,61.023962211755915,1,1.9230769230769231%
463,0.39230769230769236,61.02390870514491,1,1.9230769230769231%
464,0.39230769230769236,61.02385545441941,1,1.9230769230769231%
465,0.39230769230769236,61.0238024514213,1,1.9230769230769231%
466,0.39230769230769236,61.02374968794418,1,1.9230769230769231%
467,0.39230769230769236,61.023697155763244,1,1.9230769230769231%
468,0.39230769230769236,61.0236448466583,1,1.9230769230769231%
469,0.39230769230769236,61.02359275243514,1,1.9230769230769231%
470,0.39230769230769236,61.023540864939015,1,1.9230769230769231%
471,0.39230769230769236,61.02348917606936,1,1.9230769230769231%
472,0.39230769230769236,61.02343767778837,1,1.9230769230769231%
473,0.39230769230769236,61.023386362129365,1,1.9230769230769231%
474,0.39230769230769236,61.0233352212012,1,1.9230769230769231%
475,0.39230769230769236,61.02328424719315,1,1.9230769230769231%
476,0.39230769230769236,61.02323343237613,1,1.9230769230769231%
477,0.39230769230769236,61.023182769104935,1,1.9230769230769231%
478,0.39230769230769236,61.02313224981708,1,1.9230769230769231%
479,0.39230769230769236,61.023081867033255,1,1.9230769230769231%
480,0.39230769230769236,61.02303161335535,1,1.9230769230769231%
481,0.39230769230769236,61.02298148146364,1,1.9230769230769231%
482,0.39230769230769236,61.02293146411536,1,1.9230769230769231%
483,0.39230769230769236,61.0228815541415,1,1.9230769230769231%
484,0.39230769230769236,61.02283174444222,1,1.9230769230769231%
485,0.39230769230769236,61.022782027985684,1,1.9230769230769231%
486,0.39230769230769236,61.02273239780125,1,1.9230769230769231%
487,0.39230769230769236,61.022682846977574,1,1.9230769230769231%
488,0.39230769230769236,61.02263336865769,1,1.9230769230769231%
489,0.39230769230769236,61.02258395603459,1,1.9230769230769231%
490,0.39230769230769236,61.02253460234763,1,1.9230769230769231%
491,0.39230769230769236,61.02248530087635,1,1.9230769230769231%
492,0.39230769230769236,61.02243604493708,1,1.9230769230769231%
493,0.39230769230769236,61.022386827878336,1,1.9230769230769231%
494,0.39230769230769236,61.022337643076135,1,1.9230769230769231%
495,0.39230769230769236,61.022288483928236,1,1.9230769230769231%
496,0.39230769230769236,61.02223934385061,1,1.9230769230769231%
497,0.39230769230769236,61.02219021627241,1,1.9230769230769231%
498,0.39230769230769236,61.022141094629916,1,1.9230769230769231%
499,0.39230769230769236,61.02209197236318,1,1.9230769230769231%
500,0.39230769230769236,61.022042842910686,1,1.9230769230769231%
501,0.39230769230769236,61.02199369970378,1,1.9230769230769231%
502,0.39230769230769236,61.021944536161975,1,1.9230769230769231%
503,0.39230769230769236,61.021895345688705,1,1.9230769230769231%
504,0.39230769230769236,61.02184612166469,1,1.9230769230769231%
505,0.39230769230769236,61.021796857443626,1,1.9230769230769231%
506,0.39230769230769236,61.021747546347605,1,1.9230769230769231%
507,0.39230769230769236,61.02169818166062,1,1.9230769230769231%
508,0.39230769230769236,61.021648756623314,1,1.9230769230769231%
509,0.39230769230769236,61.0215992644286,1,1.9230769230769231%
510,0.39230769230769236,61.02154969821422,1,1.9230769230769231%
511,0.39230769230769236,61.02150005105966,1,1.9230769230769231%
512,0.39230769230769236,61.021450315977695,1,1.9230769230769231%
513,0.39230769230769236,61.02140048590966,1,1.9230769230769231%
514,0.39230769230769236,61.02135055372015,1,1.9230769230769231%
515,0.39230769230769236,61.02130051218936,1,1.9230769230769231%
516,0.39230769230769236,61.02125035400721,1,1.9230769230769231%
517,0.39230769230769236,61.02120007176805,1,1.9230769230769231%
518,0.39230769230769236,61.02114965796163,1,1.9230769230769231%
519,0.39230769230769236,61.02109910496803,1,1.9230769230769231%
520,0.39230769230769236,61.02104840504991,1,1.9230769230769231%
521,0.39230769230769236,61.02099755034522,1,1.9230769230769231%
522,0.39230769230769236,61.02094653285892,1,1.9230769230769231%
523,0.39230769230769236,61.02089534445642,1,1.9230769230769231%
524,0.39230769230769236,61.02084397685487,1,1.9230769230769231%
525,0.39230769230769236,61.02079242161322,1,1.9230769230769231%
526,0.39230769230769236,61.02074067012658,1,1.9230769230769231%
527,0.39230769230769236,61.020688713614305,1,1.9230769230769231%
528,0.39230769230769236,61.0206365431118,1,1.9230769230769231%
529,0.39230769230769236,61.02058414946006,1,1.9230769230769231%
530,0.39230769230769236,61.02053152329638,1,1.9230769230769231%
531,0.39230769230769236,61.020478655042794,1,1.9230769230769231%
532,0.39230769230769236,61.020425534895196,1,1.9230769230769231%
533,0.39230769230769236,61.02037215281125,1,1.9230769230769231%
534,0.39230769230769236,61.020318498499144,1,1.9230769230769231%
535,0.39230769230769236,61.02026456140376,1,1.9230769230769231%
536,0.39230769230769236,61.02021033069418,1,1.9230769230769231%
537,0.39230769230769236,61.02015579524929,1,1.9230769230769231%
538,0.39230769230769236,61.020100943642,1,1.9230769230769231%
539,0.39230769230769236,61.020045764126486,1,1.9230769230769231%
540,0.39230769230769236,61.019990244619436,1,1.9230769230769231%
541,0.39230769230769236,61.01993437268407,1,1.9230769230769231%
542,0.39230769230769236,61.0198781355123,1,1.9230769230769231%
543,0.39230769230769236,61.019821519905356,1,1.9230769230769231%
544,0.39230769230769236,61.01976451225423,1,1.9230769230769231%
545,0.39230769230769236,61.0197070985193,1,1.9230769230769231%
546,0.39230769230769236,61.01964926420691,1,1.9230769230769231%
547,0.39230769230769236,61.019590994346714,1,1.9230769230769231%
548,0.39230769230769236,61.0195322734676,1,1.9230769230769231%
549,0.39230769230769236,61.0194730855704,1,1.9230769230769231%
550,0.39230769230769236,61.01941341410117,1,1.9230769230769231%
551,0.39230769230769236,61.01935324192158,1,1.9230769230769231%
552,0.39230769230769236,61.01929255127854,1,1.9230769230769231%
553,0.39230769230769236,61.01923132376933,1,1.9230769230769231%
554,0.39230769230769236,61.01916954031024,1,1.9230769230769231%
555,0.39230769230769236,61.01910718109704,1,1.9230769230769231%
556,0.39230769230769236,61.01904422556559,1,1.9230769230769231%
557,0.39230769230769236,61.01898065235116,1,1.9230769230769231%
558,0.39230769230769236,61.01891643924382,1,1.9230769230769231%
559,0.39230769230769236,61.018851563140494,1,1.9230769230769231%
560,0.39230769230769236,61.018785999994186,1,1.9230769230769231%
561,0.39230769230769236,61.01871972476175,1,1.9230769230769231%
562,0.39230769230769236,61.018652711344885,1,1.9230769230769231%
563,0.39230769230769236,61.0185849325293,1,1.9230769230769231%
564,0.39230769230769236,61.018516359918124,1,1.9230769230769231%
565,0.39230769230769236,61.018446963864065,1,1.9230769230769231%
566,0.39230769230769236,61.018376713391504,1,1.9230769230769231%
567,0.39230769230769236,61.0183055761173,1,1.9230769230769231%
568,0.39230769230769236,61.01823351816479,1,1.9230769230769231%
569,0.39230769230769236,61.01816050406915,1,1.9230769230769231%
570,0.39230769230769236,61.018086496679764,1,1.9230769230769231%
571,0.39230769230769236,61.01801145705122,1,1.9230769230769231%
572,0.39230769230769236,61.0179353443293,1,1.9230769230769231%
573,0.39230769230769236,61.01785811562548,1,1.9230769230769231%
574,0.39230769230769236,61.017779725882896,1,1.9230769230769231%
575,0.39230769230769236,61.017700127731615,1,1.9230769230769231%
576,0.39230769230769236,61.01761927133296,1,1.9230769230769231%
577,0.39230769230769236,61.017537104207925,1,1.9230769230769231%
578,0.39230769230769236,61.0174535710558,1,1.9230769230769231%
579,0.39230769230769236,61.017368613554105,1,1.9230769230769231%
580,0.39230769230769236,61.01728217014269,1,1.9230769230769231%
581,0.39230769230769236,61.01719417579047,1,1.9230769230769231%
582,0.39230769230769236,61.017104561737455,1,1.9230769230769231%
583,0.39230769230769236,61.01701325521958,1,1.9230769230769231%
584,0.39230769230769236,61.01692017916418,1,1.9230769230769231%
585,0.39230769230769236,61.016825251858336,1,1.9230769230769231%
586,0.39230769230769236,61.016728386588085,1,1.9230769230769231%
587,0.39230769230769236,61.016629491241055,1,1.9230769230769231%
588,0.39230769230769236,61.016528467872206,1,1.9230769230769231%
589,0.39230769230769236,61.01642521222656,1,1.9230769230769231%
590,0.39230769230769236,61.016319613214684,1,1.9230769230769231%
591,0.39230769230769236,61.01621155233468,1,1.9230769230769231%
592,0.39230769230769236,61.016100903034435,1,1.9230769230769231%
593,0.39230769230769236,61.015987530008,1,1.9230769230769231%
594,0.39230769230769236,61.01587128841591,1,1.9230769230769231%
595,0.39230769230769236,61.01575202302201,1,1.9230769230769231%
596,0.39230769230769236,61.015629567232075,1,1.9230769230769231%
597,0.39230769230769236,61.01550374202935,1,1.9230769230769231%
598,0.39230769230769236,61.01537435478298,1,1.9230769230769231%
599,0.39230769230769236,61.01524119791839,1,1.9230769230769231%
600,0.39230769230769236,61.015104047432,1,1.9230769230769231%
601,0.39230769230769236,61.01496266122146,1,1.9230769230769231%
602,0.39230769230769236,61.01481677721118,1,1.9230769230769231%
603,0.39230769230769236,61.01466611123858,1,1.9230769230769231%
604,0.39230769230769236,61.01451035467016,1,1.9230769230769231%
605,0.39230769230769236,61.014349171697674,1,1.9230769230769231%
606,0.39230769230769236,61.01418219627403,1,1.9230769230769231%
607,0.39230769230769236,61.01400902862243,1,1.9230769230769231%
608,0.39230769230769236,61.01382923125391,1,1.9230769230769231%
609,0.39230769230769236,61.01364232440813,1,1.9230769230769231%
610,0.39230769230769236,61.013447780818716,1,1.9230769230769231%
611,0.39230769230769236,61.01324501968407,1,1.9230769230769231%
612,0.39230769230769236,61.01303339969787,1,1.9230769230769231%
613,0.39230769230769236,61.01281221096878,1,1.9230769230769231%
614,0.39230769230769236,61.01258066561205,1,1.9230769230769231%
615,0.39230769230769236,61.012337886755994,1,1.9230769230769231%
616,0.39230769230769236,61.012082895645406,1,1.9230769230769231%
617,0.39230769230769236,61.01181459644176,1,1.9230769230769231%
618,0.39230769230769236,61.01153175823458,1,1.9230769230769231%
619,0.39230769230769236,61.01123299364691,1,1.9230769230769231%
620,0.39230769230769236,61.01091673326291,1,1.9230769230769231%
621,0.39230769230769236,61.010581194897476,1,1.9230769230769231%
622,0.39230769230769236,61.01022434646188,1,1.9230769230769231%
623,0.39230769230769236,61.00984386081403,1,1.9230769230769231%
624,0.39230769230769236,61.00943706052061,1,1.9230769230769231%
625,0.39230769230769236,61.009000849805666,1,1.9230769230769231%
626,0.39230769230769236,61.00853163010768,1,1.9230769230769231%
627,0.39230769230769236,61.00802519447486,1,1.9230769230769231%
628,0.39230769230769236,61.00747659438193,1,1.9230769230769231%
629,0.39230769230769236,61.006879970249706,1,1.9230769230769231%
630,0.39230769230769236,61.006228333666506,1,1.9230769230769231%
631,0.39230769230769236,61.00551328458575,1,1.9230769230769231%
632,0.39230769230769236,61.00472463985825,1,1.9230769230769231%
633,0.39230769230769236,61.00384993919776,1,1.9230769230769231%
634,0.39230769230769236,61.002873779113415,1,1.9230769230769231%
635,0.39230769230769236,61.00177690139203,1,1.9230769230769231%
636,0.39230769230769236,61.00053492493742,1,1.9230769230769231%
637,0.39230769230769236,60.99911654891674,1,1.9230769230769231%
638,0.39230769230769236,60.9974809545033,1,1.9230769230769231%
639,0.39230769230769236,60.99557396127915,1,1.9230769230769231%
640,0.39230769230769236,60.9933221936591,1,1.9230769230769231%
641,0.39230769230769236,60.9906239656527,1,1.9230769230769231%
642,0.39230769230769236,60.9873345563009,1,1.9230769230769231%
643,0.39230769230769236,60.98324149505508,1,1.9230769230769231%
644,0.39230769230769236,60.97802119086931,1,1.9230769230769231%
645,0.39230769230769236,60.97115874410303,1,1.9230769230769231%
646,0.39230769230769236,60.96179025167342,1,1.9230769230769231%
647,0.39230769230769236,60.948369095190046,1,1.9230769230769231%
648,0.39230769230769236,60.92789573481741,1,1.9230769230769231%
649,0.39230769230769236,60.89395526355457,1,1.9230769230769231%
650,0.39230769230769236,60.83122531727878,1,1.9230769230769231%
651,0.39230769230769236,60.70037699519622,1,1.9230769230769231%
652,0.39230769230769236,60.428871808129564,1,1.9230769230769231%
653,0.39230769230769236,60.13835299203189,1,1.9230769230769231%
654,0.39230769230769236,60.06589742928234,1,1.9230769230769231%
655,0.39230769230769236,60.04754732725729,1,1.9230769230769231%
656,0.39230769230769236,60.039327041776346,1,1.9230769230769231%
657,0.39230769230769236,60.03466370917448,1,1.9230769230769231%
658,0.39230769230769236,60.03165487377026,1,1.9230769230769231%
659,0.39230769230769236,60.02954772595889,1,1.9230769230769231%
660,0.39230769230769236,60.027985131297804,1,1.9230769230769231%
661,0.39230769230769236,60.02677606886862,1,1.9230769230769231%
662,0.39230769230769236,60.02580921276754,1,1.9230769230769231%
663,0.39230769230769236,60.02501534872874,1,1.9230769230769231%
664,0.39230769230769236,60.024349210829314,1,1.9230769230769231%
665,0.39230769230769236,60.023779964124856,1,1.9230769230769231%
666,0.39230769230769236,60.023285887095,1,1.9230769230769231%
667,0.39230769230769236,60.02285124115776,1,1.9230769230769231%
668,0.39230769230769236,60.022464345853706,1,1.9230769230769231%
669,0.39230769230769236,60.02211635105179,1,1.9230769230769231%
670,0.39230769230769236,60.02180042870564,1,1.9230769230769231%
671,0.39230769230769236,60.02151122606832,1,1.9230769230769231%
672,0.39230769230769236,60.021244486822866,1,1.9230769230769231%
673,0.39230769230769236,60.020996782961234,1,1.9230769230769231%
674,0.39230769230769236,60.020765321430375,1,1.9230769230769231%
675,0.39230769230769236,60.02054780232248,1,1.9230769230769231%
676,0.39230769230769236,60.02034231327742,1,1.9230769230769231%
677,0.39230769230769236,60.02014724975176,1,1.9230769230769231%
678,0.39230769230769236,60.01996125405857,1,1.9230769230769231%
679,0.39230769230769236,60.01978316821381,1,1.9230769230769231%
680,0.39230769230769236,60.019611997073994,1,1.9230769230769231%
681,0.39230769230769236,60.01944687922966,1,1.9230769230769231%
682,0.39230769230769236,60.01928706381229,1,1.9230769230769231%
683,0.39230769230769236,60.01913189185244,1,1.9230769230769231%
684,0.39230769230769236,60.01898078117188,1,1.9230769230769231%
685,0.39230769230769236,60.01883321404431,1,1.9230769230769231%
686,0.39230769230769236,60.01868872704363,1,1.9230769230769231%
687,0.39230769230769236,60.01854690262879,1,1.9230769230769231%
688,0.39230769230769236,60.018407362119994,1,1.9230769230769231%
689,0.39230769230769236,60.018269759793334,1,1.9230769230769231%
690,0.39230769230769236,60.01813377788321,1,1.9230769230769231%
691,0.39230769230769236,60.01799912231762,1,1.9230769230769231%
692,0.39230769230769236,60.01786551905717,1,1.9230769230769231%
693,0.39230769230769236,60.01773271092227,1,1.9230769230769231%
694,0.39230769230769236,60.01760045482362,1,1.9230769230769231%
695,0.39230769230769236,60.01746851932259,1,1.9230769230769231%
696,0.39230769230769236,60.017336682459856,1,1.9230769230769231%
697,0.39230769230769236,60.01720472980484,1,1.9230769230769231%
698,0.39230769230769236,60.01707245268071,1,1.9230769230769231%
699,0.39230769230769236,60.01693964653304,1,1.9230769230769231%
700,0.39230769230769236,60.016806109407746,1,1.9230769230769231%
701,0.39230769230769236,60.01667164051227,1,1.9230769230769231%
702,0.39230769230769236,60.016536038837806,1,1.9230769230769231%
703,0.39230769230769236,60.01639910181643,1,1.9230769230769231%
704,0.39230769230769236,60.016260623999166,1,1.9230769230769231%
705,0.39230769230769236,60.016120395727356,1,1.9230769230769231%
706,0.39230769230769236,60.01597820178649,1,1.9230769230769231%
707,0.39230769230769236,60.01583382001846,1,1.9230769230769231%
708,0.39230769230769236,60.015687019875195,1,1.9230769230769231%
709,0.39230769230769236,60.01553756089348,1,1.9230769230769231%
710,0.39230769230769236,60.01538519106767,1,1.9230769230769231%
711,0.39230769230769236,60.015229645099524,1,1.9230769230769231%
712,0.39230769230769236,60.01507064249934,1,1.9230769230769231%
713,0.39230769230769236,60.014907885503696,1,1.9230769230769231%
714,0.39230769230769236,60.014741056787244,1,1.9230769230769231%
715,0.39230769230769236,60.01456981692162,1,1.9230769230769231%
716,0.39230769230769236,60.0143938015433,1,1.9230769230769231%
717,0.39230769230769236,60.01421261817681,1,1.9230769230769231%
718,0.39230769230769236,60.014025842659166,1,1.9230769230769231%
719,0.39230769230769236,60.01383301508837,1,1.9230769230769231%
720,0.39230769230769236,60.013633635222725,1,1.9230769230769231%
721,0.39230769230769236,60.01342715722431,1,1.9230769230769231%
722,0.39230769230769236,60.01321298363482,1,1.9230769230769231%
723,0.39230769230769236,60.012990458441,1,1.9230769230769231%
724,0.39230769230769236,60.01275885905708,1,1.9230769230769231%
725,0.39230769230769236,60.012517387021745,1,1.9230769230769231%
726,0.39230769230769236,60.012265157150054,1,1.9230769230769231%
727,0.39230769230769236,60.01200118483434,1,1.9230769230769231%
728,0.39230769230769236,60.01172437111092,1,1.9230769230769231%
729,0.39230769230769236,60.011433485010436,1,1.9230769230769231%
730,0.39230769230769236,60.01112714260427,1,1.9230769230769231%
731,0.39230769230769236,60.010803781996,1,1.9230769230769231%
732,0.39230769230769236,60.01046163331196,1,1.9230769230769231%
733,0.39230769230769236,60.01009868248594,1,1.9230769230769231%
734,0.39230769230769236,60.009712627294995,1,1.9230769230769231%
735,0.39230769230769236,60.00930082363883,1,1.9230769230769231%
736,0.39230769230769236,60.008860219459756,1,1.9230769230769231%
737,0.39230769230769236,60.008387272865086,1,1.9230769230769231%
738,0.39230769230769236,60.00787784988449,1,1.9230769230769231%
739,0.39230769230769236,60.00732709574051,1,1.9230769230769231%
740,0.39230769230769236,60.00672927131086,1,1.9230769230769231%
741,0.39230769230769236,60.0060775433703,1,1.9230769230769231%
742,0.39230769230769236,60.005363712729114,1,1.9230769230769231%
743,0.39230769230769236,60.004577857885536,1,1.9230769230769231%
744,0.39230769230769236,60.00370786216443,1,1.9230769230769231%
745,0.39230769230769236,60.00273877775919,1,1.9230769230769231%
746,0.39230769230769236,60.001651957743675,1,1.9230769230769231%
747,0.39230769230769236,60.000423852011075,1,1.9230769230769231%
748,0.39230769230769236,59.99902430675833,1,1.9230769230769231%
749,0.39230769230769236,59.99741411435737,1,1.9230769230769231%
750,0.39230769230769236,59.9955414033885,1,1.9230769230769231%
751,0.39230769230769236,59.99333618432241,1,1.9230769230769231%
752,0.39230769230769236,59.99070187031198,1,1.9230769230769231%
753,0.39230769230769236,59.98750165971825,1,1.9230769230769231%
754,0.39230769230769236,59.983535832702174,1,1.9230769230769231%
755,0.39230769230769236,59.9785022195246,1,1.9230769230769231%
756,0.39230769230769236,59.9719237768396,1,1.9230769230769231%
757,0.39230769230769236,59.96300769521661,1,1.9230769230769231%
758,0.39230769230769236,59.95035104747306,1,1.9230769230769231%
759,0.39230769230769236,59.93127157601624,1,1.9230769230769231%
760,0.39230769230769236,59.90013057084923,1,1.9230769230769231%
761,0.39230769230769236,59.84369882365908,1,1.9230769230769231%
762,0.39230769230769236,59.72810692275857,1,1.9230769230769231%
763,0.39230769230769236,59.4820674311505,1,1.9230769230769231%
764,0.39230769230769236,59.167575832502884,1,1.9230769230769231%
765,0.39230769230769236,59.06954565308492,1,1.9230769230769231%
766,0.39230769230769236,59.0479167320218,1,1.9230769230769231%
767,0.39230769230769236,59.03875603302806,1,1.9230769230769231%
768,0.39230769230769236,59.033696164193195,1,1.9230769230769231%
769,0.39230769230769236,59.030482501100074,1,1.9230769230769231%
770,0.39230769230769236,59.02825550367664,1,1.9230769230769231%
771,0.39230769230769236,59.02661672355569,1,1.9230769230769231%
772,0.39230769230769236,59.02535639374046,1,1.9230769230769231%
773,0.39230769230769236,59.02435367194803,1,1.9230769230769231%
774,0.39230769230769236,59.02353409114669,1,1.9230769230769231%
775,0.39230769230769236,59.0228492919779,1,1.9230769230769231%
776,0.39230769230769236,59.02226652152683,1,1.9230769230769231%
777,0.39230769230769236,59.02176281860022,1,1.9230769230769231%
778,0.39230769230769236,59.02132161566655,1,1.9230769230769231%
779,0.39230769230769236,59.02093066231828,1,1.9230769230769231%
780,0.39230769230769236,59.0205807075807,1,1.9230769230769231%
781,0.39230769230769236,59.02026463636723,1,1.9230769230769231%
782,0.39230769230769236,59.01997688755727,1,1.9230769230769231%
783,0.39230769230769236,59.01971305217193,1,1.9230769230769231%
784,0.39230769230769236,59.01946958987583,1,1.9230769230769231%
785,0.39230769230769236,59.01924362510594,1,1.9230769230769231%
786,0.39230769230769236,59.01903279792866,1,1.9230769230769231%
787,0.39230769230769236,59.01883515324572,1,1.9230769230769231%
788,0.39230769230769236,59.01864905732871,1,1.9230769230769231%
789,0.39230769230769236,59.01847313414138,1,1.9230769230769231%
790,0.39230769230769236,59.01830621619345,1,1.9230769230769231%
791,0.39230769230769236,59.018147306202216,1,1.9230769230769231%
792,0.39230769230769236,59.017995546891626,1,1.9230769230769231%
793,0.39230769230769236,59.01785019698851,1,1.9230769230769231%
794,0.39230769230769236,59.01771061197817,1,1.9230769230769231%
795,0.39230769230769236,59.017576228560564,1,1.9230769230769231%
796,0.39230769230769236,59.017446551999505,1,1.9230769230769231%
797,0.39230769230769236,59.017321145759844,1,1.9230769230769231%
798,0.39230769230769236,59.017199622961115,1,1.9230769230769231%
799,0.39230769230769236,59.01708163928957,1,1.9230769230769231%
800,0.39230769230769236,59.016966887084884,1,1.9230769230769231%
801,0.39230769230769236,59.01685509038244,1,1.9230769230769231%
802,0.39230769230769236,59.01674600073246,1,1.9230769230769231%
803,0.39230769230769236,59.01663939366058,1,1.9230769230769231%
804,0.39230769230769236,59.01653506565777,1,1.9230769230769231%
805,0.39230769230769236,59.01643283160509,1,1.9230769230769231%
806,0.39230769230769236,59.01633252256677,1,1.9230769230769231%
807,0.39230769230769236,59.016233983889165,1,1.9230769230769231%
808,0.39230769230769236,59.01613707355434,1,1.9230769230769231%
809,0.39230769230769236,59.016041660754865,1,1.9230769230769231%
810,0.39230769230769236,59.015947624648305,1,1.9230769230769231%
811,0.39230769230769236,59.01585485327295,1,1.9230769230769231%
812,0.39230769230769236,59.0157632425925,1,1.9230769230769231%
813,0.39230769230769236,59.01567269565997,1,1.9230769230769231%
814,0.39230769230769236,59.01558312187562,1,1.9230769230769231%
815,0.39230769230769236,59.015494436332695,1,1.9230769230769231%
816,0.39230769230769236,59.0154065592342,1,1.9230769230769231%
817,0.39230769230769236,59.015319415374584,1,1.9230769230769231%
818,0.39230769230769236,59.01523293367545,1,1.9230769230769231%
819,0.39230769230769236,59.01514704676891,1,1.9230769230769231%
820,0.39230769230769236,59.01506169062325,1,1.9230769230769231%
821,0.39230769230769236,59.014976804204274,1,1.9230769230769231%
822,0.39230769230769236,59.01489232916878,1,1.9230769230769231%
823,0.39230769230769236,59.014808209586235,1,1.9230769230769231%
824,0.39230769230769236,59.01472439168229,1,1.9230769230769231%
825,0.39230769230769236,59.01464082360743,1,1.9230769230769231%
826,0.39230769230769236,59.014557455221095,1,1.9230769230769231%
827,0.39230769230769236,59.01447423789326,1,1.9230769230769231%
828,0.39230769230769236,59.01439112431972,1,1.9230769230769231%
829,0.39230769230769236,59.01430806835108,1,1.9230769230769231%
830,0.39230769230769236,59.01422502483045,1,1.9230769230769231%
831,0.39230769230769236,59.014141949442035,1,1.9230769230769231%
832,0.39230769230769236,59.01405879856671,1,1.9230769230769231%
833,0.39230769230769236,59.01397552914554,1,1.9230769230769231%
834,0.39230769230769236,59.01389209854649,1,1.9230769230769231%
835,0.39230769230769236,59.013808464438696,1,1.9230769230769231%
836,0.39230769230769236,59.01372458466956,1,1.9230769230769231%
837,0.39230769230769236,59.01364041714325,1,1.9230769230769231%
838,0.39230769230769236,59.01355591970237,1,1.9230769230769231%
839,0.39230769230769236,59.01347105001225,1,1.9230769230769231%
840,0.39230769230769236,59.01338576544257,1,1.9230769230769231%
841,0.39230769230769236,59.013300022951306,1,1.9230769230769231%
842,0.39230769230769236,59.013213778967405,1,1.9230769230769231%
843,0.39230769230769236,59.01312698927026,1,1.9230769230769231%
844,0.39230769230769236,59.01303960886905,1,1.9230769230769231%
845,0.39230769230769236,59.0129515918765,1,1.9230769230769231%
846,0.39230769230769236,59.01286289138095,1,1.9230769230769231%
847,0.39230769230769236,59.01277345931231,1,1.9230769230769231%
848,0.39230769230769236,59.012683246303546,1,1.9230769230769231%
849,0.39230769230769236,59.01259220154426,1,1.9230769230769231%
850,0.39230769230769236,59.01250027262964,1,1.9230769230769231%
851,0.39230769230769236,59.0124074053983,1,1.9230769230769231%
852,0.39230769230769236,59.012313543761785,1,1.9230769230769231%
853,0.39230769230769236,59.0122186295255,1,1.9230769230769231%
854,0.39230769230769236,59.012122602194765,1,1.9230769230769231%
855,0.39230769230769236,59.01202539877014,1,1.9230769230769231%
856,0.39230769230769236,59.011926953526725,1,1.9230769230769231%
857,0.39230769230769236,59.01182719777864,1,1.9230769230769231%
858,0.39230769230769236,59.011726059623705,1,1.9230769230769231%
859,0.39230769230769236,59.0116234636695,1,1.9230769230769231%
860,0.39230769230769236,59.011519330736924,1,1.9230769230769231%
861,0.39230769230769236,59.011413577537155,1,1.9230769230769231%
862,0.39230769230769236,59.01130611632349,1,1.9230769230769231%
863,0.39230769230769236,59.011196854510274,1,1.9230769230769231%
864,0.39230769230769236,59.01108569425893,1,1.9230769230769231%
865,0.39230769230769236,59.01097253202444,1,1.9230769230769231%
866,0.39230769230769236,59.01085725805917,1,1.9230769230769231%
867,0.39230769230769236,59.01073975586969,1,1.9230769230769231%
868,0.39230769230769236,59.010619901619094,1,1.9230769230769231%
869,0.39230769230769236,59.010497563468455,1,1.9230769230769231%
870,0.39230769230769236,59.010372600851845,1,1.9230769230769231%
871,0.39230769230769236,59.01024486367443,1,1.9230769230769231%
872,0.39230769230769236,59.01011419142396,1,1.9230769230769231%
873,0.39230769230769236,59.0099804121867,1,1.9230769230769231%
874,0.39230769230769236,59.0098433415515,1,1.9230769230769231%
875,0.39230769230769236,59.009702781390125,1,1.9230769230769231%
876,0.39230769230769236,59.00955851849553,1,1.9230769230769231%
877,0.39230769230769236,59.009410323058425,1,1.9230769230769231%
878,0.39230769230769236,59.00925794695848,1,1.9230769230769231%
879,0.39230769230769236,59.00910112184538,1,1.9230769230769231%
880,0.39230769230769236,59.01295283122464,1,1.9230769230769231%
881,0.39230769230769236,59.01237916892638,1,1.9230769230769231%
882,0.39230769230769236,59.01180703199342,1,1.9230769230769231%
883,0.39230769230769236,59.01123166842617,1,1.9230769230769231%
884,0.39230769230769236,59.01064854793213,1,1.9230769230769231%
885,0.39230769230769236,59.01005320857612,1,1.9230769230769231%
886,0.39230769230769236,59.009441117410155,1,1.9230769230769231%
887,0.39230769230769236,59.00880753526816,1,1.9230769230769231%
888,0.39230769230769236,59.00814737696964,1,1.9230769230769231%
889,0.39230769230769236,59.00745505822601,1,1.9230769230769231%
890,0.39230769230769236,59.00672431963108,1,1.9230769230769231%
891,0.39230769230769236,59.00594801619934,1,1.9230769230769231%
892,0.39230769230769236,59.00511785768476,1,1.9230769230769231%
893,0.39230769230769236,59.00422407991752,1,1.9230769230769231%
894,0.39230769230769236,59.00325501982925,1,1.9230769230769231%
895,0.39230769230769236,59.00219655536007,1,1.9230769230769231%
896,0.39230769230769236,59.00103135390559,1,1.9230769230769231%
897,0.39230769230769236,58.999737845709035,1,1.9230769230769231%
898,0.39230769230769236,58.998288795462855,1,1.9230769230769231%
899,0.39230769230769236,58.99664927552446,1,1.9230769230769231%
900,0.39230769230769236,58.994773728090586,1,1.9230769230769231%
901,0.39230769230769236,58.99260160534975,1,1.9230769230769231%
902,0.39230769230769236,58.99005072665954,1,1.9230769230769231%
903,0.39230769230769236,58.987006851721816,1,1.9230769230769231%
904,0.39230769230769236,58.98330674965685,1,1.9230769230769231%
905,0.39230769230769236,58.978709612945416,1,1.9230769230769231%
906,0.39230769230769236,58.972846557068394,1,1.9230769230769231%
907,0.39230769230769236,58.965126550336336,1,1.9230769230769231%
908,0.39230769230769236,58.95454989133393,1,1.9230769230769231%
909,0.39230769230769236,58.93931007644214,1,1.9230769230769231%
910,0.39230769230769236,58.915867768270765,1,1.9230769230769231%
911,0.39230769230769236,58.87658504961397,1,1.9230769230769231%
912,0.39230769230769236,58.803223445712256,1,1.9230769230769231%
913,0.39230769230769236,58.651088629524075,1,1.9230769230769231%
914,0.39230769230769236,58.36174832871282,1,1.9230769230769231%
915,0.39230769230769236,58.11699203038788,1,1.9230769230769231%
916,0.39230769230769236,58.061106597360556,1,1.9230769230769231%
917,0.39230769230769236,58.04428076008016,1,1.9230769230769231%
918,0.39230769230769236,58.036271160433806,1,1.9230769230769231%
919,0.39230769230769236,58.031572448673536,1,1.9230769230769231%
920,0.39230769230769236,58.028465635849976,1,1.9230769230769231%
921,0.39230769230769236,58.026243602317706,1,1.9230769230769231%
922,0.39230769230769236,58.024562777852864,1,1.9230769230769231%
923,0.39230769230769236,58.023236356644695,1,1.9230769230769231%
924,0.39230769230769236,58.02215413564462,1,1.9230769230769231%
925,0.39230769230769236,58.021246935003624,1,1.9230769230769231%
926,0.39230769230769236,58.02046914266963,1,1.9230769230769231%
927,0.39230769230769236,58.01978946122829,1,1.9230769230769231%
928,0.39230769230769236,58.01918568984775,1,1.9230769230769231%
929,0.39230769230769236,58.018641628864266,1,1.9230769230769231%
930,0.39230769230769236,58.01814516420903,1,1.9230769230769231%
931,0.39230769230769236,58.01768703859496,1,1.9230769230769231%
932,0.39230769230769236,58.017260038450345,1,1.9230769230769231%
933,0.39230769230769236,58.016858441176375,1,1.9230769230769231%
934,0.39230769230769236,58.01647763026309,1,1.9230769230769231%
935,0.39230769230769236,58.01611382145528,1,1.9230769230769231%
936,0.39230769230769236,58.01576386406495,1,1.9230769230769231%
937,0.39230769230769236,58.015425094148455,1,1.9230769230769231%
938,0.39230769230769236,58.01509522411309,1,1.9230769230769231%
939,0.39230769230769236,58.0147722582889,1,1.9230769230769231%
940,0.39230769230769236,58.014454427249206,1,1.9230769230769231%
941,0.39230769230769236,58.01414013578907,1,1.9230769230769231%
942,0.39230769230769236,58.013827920926985,1,1.9230769230769231%
943,0.39230769230769236,58.01351641726592,1,1.9230769230769231%
944,0.39230769230769236,58.01320432773141,1,1.9230769230769231%
945,0.39230769230769236,58.012890398181014,1,1.9230769230769231%
946,0.39230769230769236,58.0125733946892,1,1.9230769230769231%
947,0.39230769230769236,58.012252082556024,1,1.9230769230769231%
948,0.39230769230769236,58.01192520621662,1,1.9230769230769231%
949,0.39230769230769236,58.011591469330426,1,1.9230769230769231%
950,0.39230769230769236,58.01124951436482,1,1.9230769230769231%
951,0.39230769230769236,58.01089790099194,1,1.9230769230769231%
952,0.39230769230769236,58.01053508257621,1,1.9230769230769231%
953,0.39230769230769236,58.01015937995005,1,1.9230769230769231%
954,0.39230769230769236,58.00976895155225,1,1.9230769230769231%
955,0.39230769230769236,58.00936175881503,1,1.9230769230769231%
956,0.39230769230769236,58.00893552543621,1,1.9230769230769231%
957,0.39230769230769236,58.00848768882517,1,1.9230769230769231%
958,0.39230769230769236,58.00801534154643,1,1.9230769230769231%
959,0.39230769230769236,58.00751515994541,1,1.9230769230769231%
960,0.39230769230769236,58.00698331626844,1,1.9230769230769231%
961,0.39230769230769236,58.00641536940983,1,1.9230769230769231%
962,0.39230769230769236,58.00580612774784,1,1.9230769230769231%
963,0.39230769230769236,58.00514947521626,1,1.9230769230769231%
964,0.39230769230769236,58.00443814846347,1,1.9230769230769231%
965,0.39230769230769236,58.00366344819684,1,1.9230769230769231%
966,0.39230769230769236,58.00281486089266,1,1.9230769230769231%
967,0.39230769230769236,58.00187955676683,1,1.9230769230769231%
968,0.39230769230769236,58.000841714402334,1,1.9230769230769231%
969,0.39230769230769236,57.999681598570135,1,1.9230769230769231%
970,0.39230769230769236,57.99837428033279,1,1.9230769230769231%
971,0.39230769230769236,57.99688782836971,1,1.9230769230769231%
972,0.39230769230769236,57.995180701379084,1,1.9230769230769231%
973,0.39230769230769236,57.99319790362887,1,1.9230769230769231%
974,0.39230769230769236,57.99086517263855,1,1.9230769230769231%
975,0.39230769230769236,57.988079937943645,1,1.9230769230769231%
976,0.39230769230769236,57.98469679320427,1,1.9230769230769231%
977,0.39230769230769236,57.98050326503943,1,1.9230769230769231%
978,0.39230769230769236,57.97517761331223,1,1.9230769230769231%
979,0.39230769230769236,57.9682115346848,1,1.9230769230769231%
980,0.39230769230769236,57.95875992045455,1,1.9230769230769231%
981,0.39230769230769236,57.94532762024648,1,1.9230769230769231%
982,0.39230769230769236,57.9250604075918,1,1.9230769230769231%
983,0.39230769230769236,57.89198436758575,1,1.9230769230769231%
984,0.39230769230769236,57.83224157526592,1,1.9230769230769231%
985,0.39230769230769236,57.711419844512996,1,1.9230769230769231%
986,0.39230769230769236,57.463985265577925,1,1.9230769230769231%
987,0.39230769230769236,57.167221383881134,1,1.9230769230769231%
988,0.39230769230769236,57.07308532803048,1,1.9230769230769231%
989,0.39230769230769236,57.050535813116305,1,1.9230769230769231%
990,0.39230769230769236,57.04087803537593,1,1.9230769230769231%
991,0.39230769230769236,57.035535085516614,1,1.9230769230769231%
992,0.39230769230769236,57.032144613263505,1,1.9230769230769231%
993,0.39230769230769236,57.02979949530686,1,1.9230769230769231%
994,0.39230769230769236,57.02807797318311,1,1.9230769230769231%
995,0.39230769230769236,57.026757722314805,1,1.9230769230769231%
996,0.39230769230769236,57.025710602601364,1,1.9230769230769231%
997,0.39230769230769236,57.024857642232284,1,1.9230769230769231%
998,0.39230769230769236,57.0241475622636,1,1.9230769230769231%
999,0.39230769230769236,57.02354564021813,1,1.9230769230769231%
1000,0.39230769230769236,57.023027541040584,1,1.9230769230769231%
